"ï»¿EOM_TRANS_DATE,BranchCategory,ATM,Bill Payment,Cash,Draft,ACH,Fee,Credit/Debit Card,Home Banking,Dividend"
"2022-01-31,Addition Financial Arena,0,3,0,28,5,20,6,4,14"
"2022-01-31,Altamonte Springs,98,394,64,469,1589,416,1642,646,3650"
"2022-01-31,Apopka,198,540,132,705,2219,560,1983,724,5731"
"2022-01-31,Boone High School,1,10,2,8,30,9,80,21,59"
"2022-01-31,Clermont,143,482,103,499,1940,539,1834,580,4551"
"2022-01-31,Colonial High School,0,7,3,0,6,6,48,14,18"
"2022-01-31,Downtown Campus,27,35,12,62,134,78,227,47,275"
"2022-01-31,East Orlando,165,701,106,836,3325,789,2993,1057,7938"
"2022-01-31,Edgewater High School,0,0,0,0,0,0,6,6,2"
"2022-01-31,Eustis,73,177,24,256,793,177,621,236,1609"
"2022-01-31,Fern Park,86,363,60,458,1744,372,1265,533,3874"
"2022-01-31,Kissimmee,191,510,129,853,2430,923,2163,752,6393"
"2022-01-31,Lake Brantley High School,3,3,4,18,30,19,115,41,79"
"2022-01-31,Lake Howell High School,1,6,2,0,14,3,57,32,20"
"2022-01-31,Lake Mary,104,3980,56,402,1831,511,1351,570,4194"
"2022-01-31,Lake Nona,53,244,28,293,1119,368,1065,427,2623"
"2022-01-31,Leesburg,76,220,46,320,914,245,768,260,2591"
"2022-01-31,Longwood,52,160,30,273,927,214,644,277,1953"
"2022-01-31,Merritt Island,23,51,18,161,324,137,187,104,1127"
"2022-01-31,MetroWest,175,286,126,544,1493,608,1562,498,3991"
"2022-01-31,Mills,149,652,129,1052,3451,731,2515,932,8665"
"2022-01-31,Oak Ridge High School,3,5,9,10,27,23,207,54,58"
"2022-01-31,Ocoee High School,5,7,2,0,11,6,85,16,19"
"2022-01-31,Orange City,110,225,50,361,1172,336,920,392,2205"
"2022-01-31,Oviedo,54,318,50,298,1235,210,994,381,3105"
"2022-01-31,Pine Hills,244,283,185,698,1164,757,1410,456,4012"
"2022-01-31,Poinciana,81,168,58,378,730,398,908,396,1896"
"2022-01-31,Poinciana High School,3,6,1,4,8,18,107,25,31"
"2022-01-31,Sanford,231,301,136,565,1429,556,1396,498,3075"
"2022-01-31,Seminole State,2,4,1,3,36,2,48,22,53"
"2022-01-31,South Orlando,202,477,128,636,2332,745,2168,715,5910"
"2022-01-31,St. Cloud,241,791,133,951,3640,836,3562,1354,7496"
"2022-01-31,St. Cloud High School,4,14,3,1,19,7,142,38,52"
"2022-01-31,The Loop,74,158,68,233,813,216,791,338,1926"
"2022-01-31,Timber Creek High School,2,5,1,4,13,12,44,13,29"
"2022-01-31,UCF Campus,38,151,8,169,783,154,732,216,1786"
"2022-01-31,UCF Commons,0,3,0,34,19,36,10,5,41"
"2022-01-31,Virtual Branch,36,75,0,483,319,537,579,231,818"
"2022-01-31,Winter Garden,219,589,139,783,2486,653,2357,795,6538"
"2022-02-28,Addition Financial Arena,1,0,0,18,8,24,14,0,13"
"2022-02-28,Altamonte Springs,141,572,74,489,1725,393,1930,672,3589"
"2022-02-28,Apopka,213,793,148,660,2459,549,2602,893,5626"
"2022-02-28,Boone High School,1,21,3,0,36,10,102,16,57"
"2022-02-28,Clermont,146,655,104,499,2119,511,2372,732,4484"
"2022-02-28,Colonial High School,3,7,5,0,11,6,77,8,20"
"2022-02-28,Downtown Campus,24,55,6,68,153,76,283,79,266"
"2022-02-28,East Orlando,213,1005,144,862,3544,769,3509,1183,7846"
"2022-02-28,Edgewater High School,0,0,0,0,1,2,7,0,2"
"2022-02-28,Eustis,75,253,43,276,834,192,837,268,1596"
"2022-02-28,Fern Park,117,556,58,436,1842,345,1690,613,3839"
"2022-02-28,Kissimmee,222,787,134,736,2695,904,2598,1009,6257"
"2022-02-28,Lake Brantley High School,2,18,3,16,24,21,125,28,79"
"2022-02-28,Lake Howell High School,1,8,4,2,19,4,54,15,21"
"2022-02-28,Lake Mary,100,4535,63,458,1944,514,1736,757,4165"
"2022-02-28,Lake Nona,96,364,35,281,1199,366,1341,531,2591"
"2022-02-28,Leesburg,85,334,48,323,1039,255,908,332,2553"
"2022-02-28,Longwood,66,252,40,284,976,203,861,320,1926"
"2022-02-28,Merritt Island,23,87,23,161,325,133,233,94,1108"
"2022-02-28,MetroWest,190,471,162,488,1529,567,1987,634,3949"
"2022-02-28,Mills,171,925,137,1016,3596,751,3032,1145,8559"
"2022-02-28,Oak Ridge High School,7,13,6,6,23,27,214,56,64"
"2022-02-28,Ocoee High School,0,8,0,1,15,3,81,12,18"
"2022-02-28,Orange City,101,395,65,355,1320,333,1308,477,2192"
"2022-02-28,Oviedo,75,371,42,346,1466,242,1248,515,3051"
"2022-02-28,Pine Hills,268,460,177,577,1382,707,1781,690,3975"
"2022-02-28,Poinciana,72,314,73,328,786,378,1089,455,1877"
"2022-02-28,Poinciana High School,7,12,2,14,12,23,111,26,31"
"2022-02-28,Sanford,224,522,159,527,1545,510,1848,613,3048"
"2022-02-28,Seminole State,0,9,2,5,41,3,47,23,54"
"2022-02-28,South Orlando,197,731,167,668,2538,709,2614,914,5866"
"2022-02-28,St. Cloud,237,1240,152,1010,3925,816,4605,1574,7387"
"2022-02-28,St. Cloud High School,6,17,7,1,24,4,117,37,51"
"2022-02-28,The Loop,73,319,54,176,906,233,1068,333,1875"
"2022-02-28,Timber Creek High School,0,8,2,2,16,15,57,13,27"
"2022-02-28,UCF Campus,31,235,9,162,858,159,938,300,1755"
"2022-02-28,UCF Commons,1,4,0,30,16,40,16,3,36"
"2022-02-28,Virtual Branch,45,158,4,418,368,502,688,256,829"
"2022-02-28,Winter Garden,200,963,140,715,2817,604,2896,1118,6457"
"2022-03-31,Addition Financial Arena,1,0,0,25,2,19,6,2,13"
"2022-03-31,Altamonte Springs,136,308,44,330,1156,359,1796,602,3726"
"2022-03-31,Apopka,219,445,101,465,1737,543,2569,772,5772"
"2022-03-31,Boone High School,4,7,0,5,20,15,96,22,58"
"2022-03-31,Clermont,136,375,66,389,1577,519,2337,768,4599"
"2022-03-31,Colonial High School,0,3,1,6,11,6,94,15,25"
"2022-03-31,Downtown Campus,18,19,5,46,83,60,262,90,285"
"2022-03-31,East Orlando,190,509,96,736,2324,696,3564,1116,8060"
"2022-03-31,Edgewater High School,0,0,1,0,0,0,11,2,2"
"2022-03-31,Eustis,69,125,30,173,613,162,815,261,1651"
"2022-03-31,Fern Park,128,295,62,349,1242,339,1539,524,3960"
"2022-03-31,Kissimmee,207,424,123,634,2011,866,2664,962,6491"
"2022-03-31,Lake Brantley High School,2,6,0,14,30,13,146,39,82"
"2022-03-31,Lake Howell High School,1,6,2,0,9,1,69,23,23"
"2022-03-31,Lake Mary,92,2619,48,336,1242,462,1720,624,4286"
"2022-03-31,Lake Nona,77,182,25,234,879,348,1363,470,2718"
"2022-03-31,Leesburg,65,179,38,250,691,237,938,298,2605"
"2022-03-31,Longwood,60,124,27,193,698,205,843,314,1982"
"2022-03-31,Merritt Island,12,47,22,140,230,133,247,85,1110"
"2022-03-31,MetroWest,210,275,124,440,1231,548,2006,549,4117"
"2022-03-31,Mills,164,554,104,753,2438,656,2902,824,8789"
"2022-03-31,Oak Ridge High School,7,12,1,12,31,20,221,55,70"
"2022-03-31,Ocoee High School,2,8,1,0,14,2,87,28,18"
"2022-03-31,Orange City,86,228,58,273,918,298,1192,389,2279"
"2022-03-31,Oviedo,72,273,36,229,981,225,1150,386,3129"
"2022-03-31,Pine Hills,261,257,133,445,1030,631,1806,625,4216"
"2022-03-31,Poinciana,99,187,63,288,639,355,1158,460,2011"
"2022-03-31,Poinciana High School,4,7,1,14,17,17,115,29,35"
"2022-03-31,Sanford,240,329,135,401,1100,500,1820,505,3173"
"2022-03-31,Seminole State,2,6,2,1,33,2,53,22,53"
"2022-03-31,South Orlando,195,397,105,525,1775,661,2647,829,6029"
"2022-03-31,St. Cloud,250,726,106,807,2950,772,4356,1412,7708"
"2022-03-31,St. Cloud High School,11,6,6,0,24,4,206,42,56"
"2022-03-31,The Loop,83,192,59,167,672,217,1060,309,1963"
"2022-03-31,Timber Creek High School,4,4,4,6,12,14,48,9,30"
"2022-03-31,UCF Campus,27,107,15,131,484,151,867,214,1792"
"2022-03-31,UCF Commons,0,0,0,32,3,32,7,2,35"
"2022-03-31,Virtual Branch,33,97,2,355,309,467,627,256,899"
"2022-03-31,Winter Garden,201,501,103,568,1968,558,2950,884,6677"
"2022-04-30,Addition Financial Arena,0,1,0,18,0,16,5,0,12"
"2022-04-30,Altamonte Springs,139,261,26,236,0,367,2296,449,3719"
"2022-04-30,Apopka,304,438,56,265,0,522,3322,598,5777"
"2022-04-30,Boone High School,4,10,0,4,0,14,132,24,57"
"2022-04-30,Clermont,155,328,20,263,1,497,2833,559,4596"
"2022-04-30,Colonial High School,0,5,0,4,0,5,115,14,25"
"2022-04-30,Downtown Campus,23,31,4,42,0,54,394,49,269"
"2022-04-30,East Orlando,221,484,75,369,0,652,4228,790,8037"
"2022-04-30,Edgewater High School,0,0,0,0,0,0,10,2,2"
"2022-04-30,Eustis,73,121,18,102,0,150,1071,168,1644"
"2022-04-30,Fern Park,148,256,29,161,0,325,1990,390,3945"
"2022-04-30,Kissimmee,230,440,62,512,0,839,3455,702,6419"
"2022-04-30,Lake Brantley High School,5,6,0,10,0,15,153,33,80"
"2022-04-30,Lake Howell High School,4,5,0,0,0,5,54,23,22"
"2022-04-30,Lake Mary,109,275,30,175,0,445,2217,421,4275"
"2022-04-30,Lake Nona,86,178,21,172,0,308,1725,275,2735"
"2022-04-30,Leesburg,69,147,9,123,0,217,1213,242,2587"
"2022-04-30,Longwood,61,126,20,123,0,193,1065,203,1976"
"2022-04-30,Merritt Island,19,37,3,38,0,128,307,36,1097"
"2022-04-30,MetroWest,236,268,52,317,0,521,2445,523,4128"
"2022-04-30,Mills,229,384,56,338,0,651,3689,696,8717"
"2022-04-30,Oak Ridge High School,9,16,2,14,0,25,220,46,70"
"2022-04-30,Ocoee High School,2,3,0,0,0,0,74,9,16"
"2022-04-30,Orange City,103,193,18,175,0,286,1630,284,2257"
"2022-04-30,Oviedo,75,159,21,118,1,219,1514,313,3158"
"2022-04-30,Pine Hills,314,283,71,336,0,662,2170,477,4197"
"2022-04-30,Poinciana,104,185,43,215,0,352,1395,289,2017"
"2022-04-30,Poinciana High School,5,6,0,8,0,13,119,43,37"
"2022-04-30,Sanford,280,342,60,233,0,531,2299,415,3180"
"2022-04-30,Seminole State,3,9,0,0,0,4,68,12,56"
"2022-04-30,South Orlando,246,362,59,289,0,666,3240,631,6031"
"2022-04-30,St. Cloud,314,703,56,479,0,751,5810,893,7673"
"2022-04-30,St. Cloud High School,12,14,0,0,0,0,194,34,56"
"2022-04-30,The Loop,90,141,33,116,0,238,1351,266,1959"
"2022-04-30,Timber Creek High School,2,3,0,16,0,16,87,8,33"
"2022-04-30,UCF Campus,40,109,1,78,0,131,1040,201,1773"
"2022-04-30,UCF Commons,1,3,0,16,0,23,17,4,31"
"2022-04-30,Virtual Branch,46,97,3,400,0,463,871,213,935"
"2022-04-30,Winter Garden,247,410,46,265,0,555,3699,631,6678"
"2022-05-31,Addition Financial Arena,0,0,0,20,2,15,5,1,9"
"2022-05-31,Altamonte Springs,118,325,83,503,1970,391,1731,647,3720"
"2022-05-31,Apopka,201,440,186,765,2774,564,2254,954,5795"
"2022-05-31,Boone High School,3,6,1,4,35,10,118,28,62"
"2022-05-31,Clermont,125,374,98,553,2367,499,1900,732,4618"
"2022-05-31,Colonial High School,2,8,1,4,18,10,60,22,20"
"2022-05-31,Downtown Campus,28,19,11,36,147,79,231,80,269"
"2022-05-31,East Orlando,179,626,121,821,4055,740,3180,1147,8068"
"2022-05-31,Edgewater High School,0,3,0,0,2,3,13,2,2"
"2022-05-31,Eustis,60,139,41,278,966,171,629,297,1658"
"2022-05-31,Fern Park,126,323,83,523,2003,348,1423,585,3931"
"2022-05-31,Kissimmee,226,405,145,863,3062,880,2489,836,6460"
"2022-05-31,Lake Brantley High School,2,5,3,16,44,31,125,65,78"
"2022-05-31,Lake Howell High School,0,6,2,0,10,2,52,16,21"
"2022-05-31,Lake Mary,80,4437,56,478,2088,480,1434,660,4249"
"2022-05-31,Lake Nona,85,158,37,311,1480,341,1180,519,2751"
"2022-05-31,Leesburg,69,188,59,360,1062,249,792,305,2586"
"2022-05-31,Longwood,77,151,36,262,1086,208,721,275,1969"
"2022-05-31,Merritt Island,18,33,39,171,331,142,229,123,1074"
"2022-05-31,MetroWest,179,231,147,499,1764,576,1735,608,4095"
"2022-05-31,Mills,149,539,124,997,4127,721,2580,969,8751"
"2022-05-31,Oak Ridge High School,8,5,3,10,38,26,150,55,63"
"2022-05-31,Ocoee High School,1,6,1,0,9,5,64,12,18"
"2022-05-31,Orange City,88,241,60,346,1393,317,1078,400,2254"
"2022-05-31,Oviedo,58,266,54,299,1587,250,1021,429,3151"
"2022-05-31,Pine Hills,250,250,196,540,1399,686,1491,666,4162"
"2022-05-31,Poinciana,94,159,77,283,873,379,1027,429,2013"
"2022-05-31,Poinciana High School,2,5,2,0,11,7,64,18,36"
"2022-05-31,Sanford,249,258,142,547,1777,574,1432,528,3186"
"2022-05-31,Seminole State,3,4,1,1,54,3,50,28,57"
"2022-05-31,South Orlando,170,402,151,605,2857,696,2245,824,6031"
"2022-05-31,St. Cloud,263,617,163,956,4586,796,3907,1401,7711"
"2022-05-31,St. Cloud High School,6,7,1,1,21,3,100,53,56"
"2022-05-31,The Loop,78,143,92,224,981,272,964,360,1961"
"2022-05-31,Timber Creek High School,0,3,0,10,32,14,59,19,35"
"2022-05-31,UCF Campus,34,103,13,140,902,137,725,269,1789"
"2022-05-31,UCF Commons,0,0,0,14,14,24,7,0,30"
"2022-05-31,Virtual Branch,44,64,6,385,496,475,598,322,962"
"2022-05-31,Winter Garden,209,481,160,755,2997,593,2458,985,6692"
"2022-06-30,Addition Financial Arena,0,0,0,30,0,16,3,0,6"
"2022-06-30,Altamonte Springs,190,300,65,352,1338,433,1893,610,3648"
"2022-06-30,Apopka,253,386,123,524,1840,560,2444,916,5728"
"2022-06-30,Boone High School,8,6,0,4,25,16,102,33,70"
"2022-06-30,Clermont,130,300,72,437,1546,494,2152,813,4548"
"2022-06-30,Colonial High School,5,4,0,0,10,4,62,17,23"
"2022-06-30,Downtown Campus,26,19,10,50,106,75,264,99,264"
"2022-06-30,East Orlando,215,484,93,665,2567,713,3550,1155,7973"
"2022-06-30,Edgewater High School,0,0,1,0,0,0,17,9,2"
"2022-06-30,Eustis,79,152,39,179,653,162,755,259,1636"
"2022-06-30,Fern Park,111,297,55,317,1489,344,1657,606,3885"
"2022-06-30,Kissimmee,211,392,148,633,2007,858,2647,954,6376"
"2022-06-30,Lake Brantley High School,0,4,0,18,35,22,134,44,77"
"2022-06-30,Lake Howell High School,1,1,0,0,23,1,73,28,21"
"2022-06-30,Lake Mary,132,2949,57,381,1557,486,1756,732,4217"
"2022-06-30,Lake Nona,95,167,34,214,849,335,1317,476,2717"
"2022-06-30,Leesburg,80,171,29,277,737,263,916,301,2546"
"2022-06-30,Longwood,84,135,40,203,891,214,869,302,1945"
"2022-06-30,Merritt Island,24,36,22,115,229,147,232,99,1053"
"2022-06-30,MetroWest,200,249,144,477,1252,563,1805,586,3988"
"2022-06-30,Mills,168,460,97,715,2584,679,2887,903,8606"
"2022-06-30,Oak Ridge High School,9,9,3,4,42,21,203,80,64"
"2022-06-30,Ocoee High School,2,0,0,0,11,2,44,39,15"
"2022-06-30,Orange City,95,223,57,280,992,333,1214,427,2245"
"2022-06-30,Oviedo,58,228,40,271,1262,238,1159,473,3087"
"2022-06-30,Pine Hills,265,228,142,439,1128,702,1668,615,3993"
"2022-06-30,Poinciana,105,151,69,255,604,367,1122,519,1972"
"2022-06-30,Poinciana High School,4,3,1,8,20,9,103,45,34"
"2022-06-30,Sanford,242,277,131,383,1463,525,1762,545,3130"
"2022-06-30,Seminole State,0,10,1,3,44,3,79,25,61"
"2022-06-30,South Orlando,192,382,119,509,1797,668,2546,854,5942"
"2022-06-30,St. Cloud,280,586,110,715,2917,779,4492,1409,7703"
"2022-06-30,St. Cloud High School,4,10,2,0,25,2,164,42,63"
"2022-06-30,The Loop,68,147,76,156,655,252,1099,375,1965"
"2022-06-30,Timber Creek High School,0,5,1,10,18,13,61,29,34"
"2022-06-30,UCF Campus,47,67,15,109,851,171,838,316,1771"
"2022-06-30,UCF Commons,0,1,0,28,1,28,10,4,19"
"2022-06-30,Virtual Branch,37,61,6,348,353,454,610,295,1014"
"2022-06-30,Winter Garden,225,432,106,549,2072,578,3009,1031,6574"
"2022-07-31,Addition Financial Arena,0,0,0,30,0,14,4,0,5"
"2022-07-31,Altamonte Springs,103,98,0,240,0,373,2156,379,3580"
"2022-07-31,Apopka,185,176,0,304,1,505,3012,456,5541"
"2022-07-31,Boone High School,3,4,0,0,0,11,147,20,66"
"2022-07-31,Clermont,115,146,0,244,0,485,2414,410,4520"
"2022-07-31,Colonial High School,2,0,0,4,0,6,69,18,23"
"2022-07-31,Downtown Campus,13,20,0,50,0,67,315,56,242"
"2022-07-31,East Orlando,155,222,0,446,3,667,4082,649,7729"
"2022-07-31,Edgewater High School,0,0,0,0,0,2,32,20,2"
"2022-07-31,Eustis,61,37,0,80,0,149,963,131,1636"
"2022-07-31,Fern Park,91,120,0,194,0,320,1807,286,3865"
"2022-07-31,Kissimmee,185,209,0,426,0,777,3096,528,6319"
"2022-07-31,Lake Brantley High School,5,3,0,20,0,34,167,34,86"
"2022-07-31,Lake Howell High School,1,5,0,0,0,0,72,16,25"
"2022-07-31,Lake Mary,87,119,0,214,0,432,1992,402,4080"
"2022-07-31,Lake Nona,69,73,0,188,0,323,1513,259,2662"
"2022-07-31,Leesburg,55,74,0,154,0,256,1046,206,2523"
"2022-07-31,Longwood,59,41,0,80,0,188,948,144,1940"
"2022-07-31,Merritt Island,12,12,0,50,0,134,261,53,1050"
"2022-07-31,MetroWest,165,107,0,352,0,554,2117,322,3840"
"2022-07-31,Mills,160,170,0,396,0,638,3434,592,8497"
"2022-07-31,Oak Ridge High School,4,3,0,18,0,15,241,54,68"
"2022-07-31,Ocoee High School,0,2,0,0,0,0,65,12,19"
"2022-07-31,Orange City,81,95,0,166,0,304,1372,214,2214"
"2022-07-31,Oviedo,44,82,0,148,0,235,1337,241,3084"
"2022-07-31,Pine Hills,222,113,0,304,0,621,1955,348,3872"
"2022-07-31,Poinciana,87,73,0,258,0,394,1223,288,1940"
"2022-07-31,Poinciana High School,0,2,0,16,0,12,109,25,37"
"2022-07-31,Sanford,200,138,0,288,0,485,2012,338,3116"
"2022-07-31,Seminole State,3,5,0,0,0,6,78,12,61"
"2022-07-31,South Orlando,186,181,0,290,0,627,2929,480,5731"
"2022-07-31,St. Cloud,217,277,0,468,0,716,4982,843,7620"
"2022-07-31,St. Cloud High School,4,6,0,0,0,3,183,30,63"
"2022-07-31,The Loop,57,63,0,102,0,232,1114,181,1924"
"2022-07-31,Timber Creek High School,4,2,0,22,0,18,82,25,35"
"2022-07-31,UCF Campus,22,59,0,106,0,136,961,154,1760"
"2022-07-31,UCF Commons,0,0,0,28,0,27,4,0,16"
"2022-07-31,Virtual Branch,29,61,0,350,0,470,740,174,791"
"2022-07-31,Winter Garden,170,169,0,356,0,552,3242,495,6332"
"2022-08-31,Addition Financial Arena,0,0,0,30,1,15,1,0,5"
"2022-08-31,Altamonte Springs,111,224,63,397,1145,406,1707,588,3527"
"2022-08-31,Apopka,221,306,107,517,1789,508,2433,794,5423"
"2022-08-31,Boone High School,3,6,0,8,18,16,130,39,64"
"2022-08-31,Clermont,109,239,80,439,1312,522,2198,647,4480"
"2022-08-31,Colonial High School,0,0,3,4,5,7,54,20,21"
"2022-08-31,Downtown Campus,19,20,15,62,85,65,240,53,238"
"2022-08-31,East Orlando,176,366,101,698,2570,717,3315,1159,7559"
"2022-08-31,Edgewater High School,0,0,0,0,0,0,33,10,4"
"2022-08-31,Eustis,63,86,35,215,571,190,737,265,1629"
"2022-08-31,Fern Park,82,216,58,407,1298,358,1504,482,3810"
"2022-08-31,Kissimmee,187,265,97,627,1760,826,2552,843,6232"
"2022-08-31,Lake Brantley High School,4,3,0,18,18,21,144,34,84"
"2022-08-31,Lake Howell High School,0,3,0,0,4,0,68,10,23"
"2022-08-31,Lake Mary,96,2079,62,352,1115,487,1617,630,4006"
"2022-08-31,Lake Nona,96,132,31,256,818,356,1247,445,2601"
"2022-08-31,Leesburg,69,112,23,292,624,255,833,272,2506"
"2022-08-31,Longwood,58,101,35,180,658,208,766,290,1916"
"2022-08-31,Merritt Island,13,33,26,94,234,146,242,99,1052"
"2022-08-31,MetroWest,161,167,106,479,1127,563,1647,505,3740"
"2022-08-31,Mills,174,345,109,760,2589,655,2757,1065,8371"
"2022-08-31,Oak Ridge High School,7,8,0,12,13,25,215,75,69"
"2022-08-31,Ocoee High School,1,1,0,0,7,1,51,14,15"
"2022-08-31,Orange City,93,155,48,247,785,327,1196,377,2191"
"2022-08-31,Oviedo,66,176,35,269,865,250,1181,434,3067"
"2022-08-31,Pine Hills,175,160,126,443,957,658,1573,529,3728"
"2022-08-31,Poinciana,74,100,47,284,510,390,990,409,1925"
"2022-08-31,Poinciana High School,3,5,0,16,9,16,118,34,34"
"2022-08-31,Sanford,192,188,113,433,1047,552,1612,461,3038"
"2022-08-31,Seminole State,7,4,2,4,53,7,66,26,57"
"2022-08-31,South Orlando,174,262,108,536,1752,654,2454,793,5618"
"2022-08-31,St. Cloud,237,453,109,793,2782,740,4229,1433,7446"
"2022-08-31,St. Cloud High School,2,7,0,0,17,4,142,38,62"
"2022-08-31,The Loop,72,106,36,189,572,257,1017,362,1890"
"2022-08-31,Timber Creek High School,3,1,0,16,7,14,51,26,34"
"2022-08-31,UCF Campus,39,70,12,166,449,155,824,251,1740"
"2022-08-31,UCF Commons,0,0,0,24,0,30,5,0,12"
"2022-08-31,Virtual Branch,44,55,1,356,327,500,742,305,814"
"2022-08-31,Winter Garden,206,334,107,614,2036,616,2631,929,6243"
"2022-09-30,Addition Financial Arena,1,0,0,22,5,12,1,0,5"
"2022-09-30,Altamonte Springs,167,325,97,552,1992,448,868,849,3516"
"2022-09-30,Apopka,183,371,176,721,2981,591,1223,1022,5537"
"2022-09-30,Boone High School,9,8,1,12,36,18,69,21,63"
"2022-09-30,Clermont,151,299,86,602,2364,543,1164,921,4470"
"2022-09-30,Colonial High School,3,9,0,2,29,12,51,22,18"
"2022-09-30,Downtown Campus,25,28,12,52,158,67,158,120,244"
"2022-09-30,East Orlando,201,516,111,937,3917,687,1577,1521,7719"
"2022-09-30,Edgewater High School,1,0,0,0,2,0,9,5,3"
"2022-09-30,Eustis,85,147,61,295,978,176,340,344,1576"
"2022-09-30,Fern Park,117,269,68,553,2010,379,818,703,3802"
"2022-09-30,Kissimmee,226,455,169,779,3368,848,1390,1287,6216"
"2022-09-30,Lake Brantley High School,0,7,0,12,50,13,67,51,83"
"2022-09-30,Lake Howell High School,1,6,0,0,30,1,44,24,23"
"2022-09-30,Lake Mary,116,2518,61,463,2008,476,746,813,4077"
"2022-09-30,Lake Nona,89,181,32,316,1398,351,619,625,2657"
"2022-09-30,Leesburg,98,200,77,420,1337,253,486,421,2464"
"2022-09-30,Longwood,81,168,37,301,1111,197,371,312,1926"
"2022-09-30,Merritt Island,15,46,26,177,334,148,150,140,1036"
"2022-09-30,MetroWest,213,252,169,554,2021,549,969,778,3803"
"2022-09-30,Mills,179,429,101,1031,3678,633,1405,1288,8387"
"2022-09-30,Oak Ridge High School,3,12,0,4,61,24,135,104,67"
"2022-09-30,Ocoee High School,4,6,1,0,14,1,40,17,15"
"2022-09-30,Orange City,69,195,60,365,1307,318,507,474,2137"
"2022-09-30,Oviedo,52,201,40,345,1428,217,549,572,3057"
"2022-09-30,Pine Hills,319,223,261,567,1928,703,904,791,3771"
"2022-09-30,Poinciana,126,176,75,392,1114,437,543,549,1920"
"2022-09-30,Poinciana High School,3,9,2,10,33,12,55,48,35"
"2022-09-30,Sanford,272,267,150,554,2208,607,811,650,3038"
"2022-09-30,Seminole State,5,13,2,2,68,7,45,19,61"
"2022-09-30,South Orlando,195,397,155,754,2695,652,1190,1048,5718"
"2022-09-30,St. Cloud,312,684,179,1021,4724,779,2168,1981,7364"
"2022-09-30,St. Cloud High School,9,13,0,0,47,3,87,50,67"
"2022-09-30,The Loop,92,170,66,244,1111,274,540,508,1908"
"2022-09-30,Timber Creek High School,1,2,0,24,30,11,30,31,37"
"2022-09-30,UCF Campus,47,115,2,189,738,174,475,399,1710"
"2022-09-30,UCF Commons,0,0,0,18,1,30,2,0,8"
"2022-09-30,Virtual Branch,50,120,10,322,611,502,482,491,1058"
"2022-09-30,Winter Garden,197,473,195,781,3045,604,1453,1227,6331"
"2022-10-31,Addition Financial Arena,0,0,0,16,0,9,3,2,5"
"2022-10-31,Altamonte Springs,111,324,80,483,1633,431,1957,547,3593"
"2022-10-31,Apopka,226,427,136,641,2358,585,2619,758,5642"
"2022-10-31,Boone High School,6,7,0,4,36,14,117,27,63"
"2022-10-31,Clermont,119,363,101,465,2061,530,2400,652,4526"
"2022-10-31,Colonial High School,1,1,1,0,17,6,58,10,19"
"2022-10-31,Downtown Campus,24,25,7,67,142,81,295,87,260"
"2022-10-31,East Orlando,201,549,150,778,3396,740,3626,1032,7874"
"2022-10-31,Edgewater High School,1,0,1,0,0,0,7,4,3"
"2022-10-31,Eustis,71,136,36,236,831,185,808,250,1626"
"2022-10-31,Fern Park,124,259,61,450,1706,375,1724,446,3884"
"2022-10-31,Kissimmee,181,382,132,709,2586,873,2835,799,6326"
"2022-10-31,Lake Brantley High School,6,2,1,28,31,23,143,47,82"
"2022-10-31,Lake Howell High School,0,4,0,0,19,1,53,12,24"
"2022-10-31,Lake Mary,94,3812,71,414,1861,484,1911,570,4149"
"2022-10-31,Lake Nona,84,175,44,282,1275,366,1502,405,2730"
"2022-10-31,Leesburg,69,170,50,294,938,274,963,284,2503"
"2022-10-31,Longwood,77,164,43,205,943,195,870,269,1951"
"2022-10-31,Merritt Island,12,55,32,121,356,144,284,118,1038"
"2022-10-31,MetroWest,151,237,119,508,1506,565,1929,593,3899"
"2022-10-31,Mills,177,475,136,874,3609,706,3103,904,8553"
"2022-10-31,Oak Ridge High School,9,6,3,14,42,36,236,106,71"
"2022-10-31,Ocoee High School,4,3,1,0,12,3,78,22,14"
"2022-10-31,Orange City,80,238,43,322,1263,330,1217,391,2178"
"2022-10-31,Oviedo,67,235,38,309,1289,240,1304,413,3111"
"2022-10-31,Pine Hills,207,202,161,511,1190,646,1613,576,3892"
"2022-10-31,Poinciana,98,128,54,330,844,421,1207,427,1973"
"2022-10-31,Poinciana High School,2,1,0,6,16,14,120,29,36"
"2022-10-31,Sanford,221,276,146,628,1544,574,1768,514,3098"
"2022-10-31,Seminole State,3,10,1,1,74,6,74,35,64"
"2022-10-31,South Orlando,195,425,123,596,2521,678,2601,769,5866"
"2022-10-31,St. Cloud,258,633,167,911,3963,761,4793,1361,7493"
"2022-10-31,St. Cloud High School,2,2,3,0,27,6,177,36,73"
"2022-10-31,The Loop,101,116,66,205,888,291,1159,351,1949"
"2022-10-31,Timber Creek High School,1,3,1,16,18,13,69,13,37"
"2022-10-31,UCF Campus,33,76,12,205,727,177,903,222,1742"
"2022-10-31,UCF Commons,0,0,0,16,3,21,2,0,8"
"2022-10-31,Virtual Branch,48,78,2,382,523,506,793,259,1275"
"2022-10-31,Winter Garden,212,450,121,744,2708,657,2967,891,6451"
"2022-11-30,Addition Financial Arena,0,0,0,12,0,12,1,0,4"
"2022-11-30,Altamonte Springs,117,265,66,424,1232,416,1986,631,3597"
"2022-11-30,Apopka,203,384,130,564,1916,569,2749,745,5639"
"2022-11-30,Boone High School,3,8,1,2,17,18,125,36,62"
"2022-11-30,Clermont,130,300,74,456,1361,523,2527,674,4454"
"2022-11-30,Colonial High School,2,0,1,8,4,9,65,6,18"
"2022-11-30,Downtown Campus,27,35,13,45,121,64,325,147,258"
"2022-11-30,East Orlando,194,551,111,645,2732,706,3810,1173,7873"
"2022-11-30,Edgewater High School,1,0,1,0,4,0,19,8,2"
"2022-11-30,Eustis,53,118,33,223,674,197,841,237,1602"
"2022-11-30,Fern Park,118,279,59,393,1340,340,1747,552,3842"
"2022-11-30,Kissimmee,191,402,120,690,1911,821,2922,867,6273"
"2022-11-30,Lake Brantley High School,3,3,1,22,23,24,150,30,85"
"2022-11-30,Lake Howell High School,2,1,0,0,7,0,65,18,24"
"2022-11-30,Lake Mary,101,2220,43,374,1320,460,1839,669,4119"
"2022-11-30,Lake Nona,74,175,32,255,882,347,1427,487,2705"
"2022-11-30,Leesburg,70,166,33,310,724,281,1007,277,2494"
"2022-11-30,Longwood,62,164,35,213,690,191,859,242,1937"
"2022-11-30,Merritt Island,18,44,16,103,248,151,314,91,1020"
"2022-11-30,MetroWest,172,280,117,479,1255,556,1923,580,3841"
"2022-11-30,Mills,179,473,94,749,2704,668,3143,1063,8481"
"2022-11-30,Oak Ridge High School,6,11,5,15,15,30,261,57,65"
"2022-11-30,Ocoee High School,3,5,2,0,5,3,64,34,17"
"2022-11-30,Orange City,83,217,53,249,891,334,1362,376,2136"
"2022-11-30,Oviedo,57,207,33,249,959,251,1343,449,3073"
"2022-11-30,Pine Hills,209,230,125,565,1116,640,1857,491,3876"
"2022-11-30,Poinciana,79,140,50,294,622,393,1226,400,1953"
"2022-11-30,Poinciana High School,3,0,4,14,9,19,110,36,34"
"2022-11-30,Sanford,187,270,117,499,1134,552,1780,471,3065"
"2022-11-30,Seminole State,6,9,5,2,59,7,79,20,66"
"2022-11-30,South Orlando,164,350,107,602,1844,644,2757,846,5819"
"2022-11-30,St. Cloud,216,596,116,836,3013,765,5060,1421,7434"
"2022-11-30,St. Cloud High School,2,8,3,0,19,7,184,59,74"
"2022-11-30,The Loop,73,181,52,207,653,268,1191,331,1928"
"2022-11-30,Timber Creek High School,3,5,3,12,8,15,70,56,32"
"2022-11-30,UCF Campus,30,91,6,190,493,176,944,250,1715"
"2022-11-30,UCF Commons,0,1,0,14,0,18,4,0,7"
"2022-11-30,Virtual Branch,30,79,4,372,334,536,876,301,1321"
"2022-11-30,Winter Garden,179,429,127,582,1999,616,3184,952,6415"
"2022-12-31,Addition Financial Arena,0,0,0,16,0,12,0,0,1"
"2022-12-31,Altamonte Springs,151,144,25,256,0,415,2327,371,3615"
"2022-12-31,Apopka,246,194,48,325,0,583,3127,604,5624"
"2022-12-31,Boone High School,6,3,1,6,0,17,131,22,65"
"2022-12-31,Clermont,113,164,25,262,0,464,2735,427,4475"
"2022-12-31,Colonial High School,3,0,0,12,0,11,73,2,20"
"2022-12-31,Downtown Campus,25,19,4,44,0,61,324,55,260"
"2022-12-31,East Orlando,177,264,42,416,0,697,4012,630,7869"
"2022-12-31,Edgewater High School,2,0,0,0,0,1,23,0,3"
"2022-12-31,Eustis,73,49,9,95,0,185,984,189,1631"
"2022-12-31,Fern Park,116,142,28,174,0,329,1998,383,3855"
"2022-12-31,Kissimmee,208,218,53,502,3,787,3269,652,6310"
"2022-12-31,Lake Brantley High School,10,4,0,16,0,22,191,44,84"
"2022-12-31,Lake Howell High School,6,4,0,0,0,2,84,34,21"
"2022-12-31,Lake Mary,87,135,12,186,0,442,2084,445,4151"
"2022-12-31,Lake Nona,85,94,14,214,0,336,1585,260,2703"
"2022-12-31,Leesburg,71,84,10,122,0,253,1083,203,2454"
"2022-12-31,Longwood,67,70,26,97,0,190,1061,142,1952"
"2022-12-31,Merritt Island,17,13,1,35,0,156,300,67,1020"
"2022-12-31,MetroWest,211,150,42,292,2,520,2275,443,3850"
"2022-12-31,Mills,204,204,53,429,0,651,3423,636,8546"
"2022-12-31,Oak Ridge High School,5,8,0,18,0,24,285,66,61"
"2022-12-31,Ocoee High School,1,4,0,0,0,1,87,33,21"
"2022-12-31,Orange City,96,122,23,169,1,310,1476,205,2137"
"2022-12-31,Oviedo,60,98,7,118,0,216,1458,295,3123"
"2022-12-31,Pine Hills,269,175,62,394,0,609,2165,429,3876"
"2022-12-31,Poinciana,81,109,27,310,0,388,1512,291,1994"
"2022-12-31,Poinciana High School,3,4,0,12,0,15,164,34,32"
"2022-12-31,Sanford,248,185,45,321,0,548,2214,294,3062"
"2022-12-31,Seminole State,3,2,0,0,0,7,96,10,68"
"2022-12-31,South Orlando,218,205,42,301,1,603,2925,576,5817"
"2022-12-31,St. Cloud,227,285,42,447,0,718,5223,732,7490"
"2022-12-31,St. Cloud High School,8,6,0,0,0,2,188,30,75"
"2022-12-31,The Loop,80,83,16,136,0,262,1333,253,1976"
"2022-12-31,Timber Creek High School,2,11,0,8,0,7,65,12,30"
"2022-12-31,UCF Campus,24,64,1,140,0,165,943,173,1708"
"2022-12-31,UCF Commons,0,0,0,4,0,13,0,0,6"
"2022-12-31,Virtual Branch,56,71,2,354,0,548,980,231,1387"
"2022-12-31,Winter Garden,215,220,52,315,1,554,3530,474,6469"
"2023-01-31,Addition Financial Arena,0,0,0,2,0,7,0,0,0"
"2023-01-31,Altamonte Springs,134,228,67,550,1251,442,1826,574,3636"
"2023-01-31,Apopka,185,317,99,768,1750,563,2552,734,5731"
"2023-01-31,Boone High School,3,4,1,5,13,13,123,22,60"
"2023-01-31,Clermont,83,247,83,567,1452,526,2242,632,4520"
"2023-01-31,Colonial High School,2,4,1,22,8,12,85,12,20"
"2023-01-31,Downtown Campus,16,23,13,82,96,78,295,90,258"
"2023-01-31,East Orlando,144,388,120,816,2492,721,3387,1076,7951"
"2023-01-31,Edgewater High School,0,0,2,0,4,1,20,11,3"
"2023-01-31,Eustis,44,119,28,282,641,173,813,271,1661"
"2023-01-31,Fern Park,84,240,62,542,1356,356,1598,529,3870"
"2023-01-31,Kissimmee,194,347,99,846,1931,822,2753,848,6318"
"2023-01-31,Lake Brantley High School,1,3,1,18,23,22,129,35,85"
"2023-01-31,Lake Howell High School,2,5,1,0,15,3,86,6,21"
"2023-01-31,Lake Mary,82,2040,49,505,1419,511,1707,604,4138"
"2023-01-31,Lake Nona,61,139,34,304,845,364,1424,557,2727"
"2023-01-31,Leesburg,58,117,35,336,736,246,908,233,2481"
"2023-01-31,Longwood,71,140,37,253,717,200,768,311,1974"
"2023-01-31,Merritt Island,18,37,2,133,255,154,266,100,1043"
"2023-01-31,MetroWest,171,220,107,552,1104,557,1895,499,3921"
"2023-01-31,Mills,158,333,89,943,2502,645,2741,989,8571"
"2023-01-31,Oak Ridge High School,4,5,0,20,33,32,243,82,66"
"2023-01-31,Ocoee High School,2,2,0,3,8,4,81,26,20"
"2023-01-31,Orange City,84,147,48,360,890,314,1139,364,2163"
"2023-01-31,Oviedo,54,167,43,325,984,226,1250,338,3154"
"2023-01-31,Pine Hills,216,178,142,659,943,661,1699,546,3878"
"2023-01-31,Poinciana,70,112,42,361,636,419,1203,395,2016"
"2023-01-31,Poinciana High School,3,0,0,10,14,16,118,21,30"
"2023-01-31,Sanford,184,223,122,675,1190,562,1761,457,3057"
"2023-01-31,Seminole State,4,9,4,9,77,9,72,36,71"
"2023-01-31,South Orlando,164,318,114,701,1748,664,2504,695,5895"
"2023-01-31,St. Cloud,233,499,97,1000,2936,758,4487,1320,7434"
"2023-01-31,St. Cloud High School,4,4,5,0,15,2,184,57,73"
"2023-01-31,The Loop,86,138,62,239,684,311,1095,311,1978"
"2023-01-31,Timber Creek High School,0,2,0,12,12,6,45,2,29"
"2023-01-31,UCF Campus,36,84,14,216,490,162,874,269,1734"
"2023-01-31,UCF Commons,0,0,0,0,0,11,0,0,4"
"2023-01-31,Virtual Branch,34,61,10,344,330,552,913,343,1414"
"2023-01-31,Winter Garden,164,345,98,783,1940,590,2748,807,6469"
"2023-02-28,Addition Financial Arena,0,0,0,0,0,4,0,0,0"
"2023-02-28,Altamonte Springs,128,428,64,464,1283,407,2095,681,3626"
"2023-02-28,Apopka,207,616,116,706,2165,563,3006,895,5734"
"2023-02-28,Boone High School,3,21,1,6,25,9,125,20,63"
"2023-02-28,Clermont,134,517,63,547,1487,519,2683,726,4523"
"2023-02-28,Colonial High School,1,6,5,10,22,13,93,20,21"
"2023-02-28,Downtown Campus,32,46,13,63,110,62,396,103,276"
"2023-02-28,East Orlando,201,777,92,727,2814,718,4060,1246,7951"
"2023-02-28,Edgewater High School,0,1,1,0,3,0,28,22,4"
"2023-02-28,Eustis,70,173,51,246,624,181,944,298,1654"
"2023-02-28,Fern Park,95,425,67,516,1334,336,1872,556,3911"
"2023-02-28,Kissimmee,173,672,108,789,2220,767,3192,994,6296"
"2023-02-28,Lake Brantley High School,2,21,2,14,37,19,163,49,86"
"2023-02-28,Lake Howell High School,1,12,1,0,18,1,65,28,23"
"2023-02-28,Lake Mary,79,2693,67,457,1389,465,1956,731,4206"
"2023-02-28,Lake Nona,79,290,36,252,966,347,1513,521,2726"
"2023-02-28,Leesburg,73,245,40,313,816,234,1107,306,2468"
"2023-02-28,Longwood,59,220,24,257,654,196,976,310,1955"
"2023-02-28,Merritt Island,15,73,11,107,305,156,265,94,1021"
"2023-02-28,MetroWest,174,407,127,469,1400,524,2333,691,3927"
"2023-02-28,Mills,154,680,111,936,2563,659,3332,1050,8418"
"2023-02-28,Oak Ridge High School,5,30,1,32,38,28,271,69,69"
"2023-02-28,Ocoee High School,0,10,1,0,12,4,79,19,19"
"2023-02-28,Orange City,86,288,56,348,983,311,1427,387,2162"
"2023-02-28,Oviedo,63,305,43,303,970,249,1393,436,3121"
"2023-02-28,Pine Hills,227,384,123,601,1478,606,2202,551,3921"
"2023-02-28,Poinciana,91,207,61,331,876,372,1439,408,2018"
"2023-02-28,Poinciana High School,3,9,0,16,24,21,154,27,33"
"2023-02-28,Sanford,208,425,125,567,1422,568,2122,537,3095"
"2023-02-28,Seminole State,1,18,3,1,32,6,103,37,80"
"2023-02-28,South Orlando,157,580,110,653,1958,624,2974,803,5838"
"2023-02-28,St. Cloud,229,963,118,906,2896,726,5154,1389,7383"
"2023-02-28,St. Cloud High School,3,19,1,0,30,1,214,51,74"
"2023-02-28,The Loop,69,253,54,240,734,277,1308,384,2010"
"2023-02-28,Timber Creek High School,1,8,2,16,13,10,88,10,32"
"2023-02-28,UCF Campus,38,151,10,205,537,175,1000,252,1708"
"2023-02-28,UCF Commons,0,0,0,0,0,5,0,0,0"
"2023-02-28,Virtual Branch,47,162,7,342,462,573,1165,406,1481"
"2023-02-28,Winter Garden,169,653,109,743,2384,553,3400,896,6469"
"2023-03-31,Altamonte Springs,187,327,108,363,796,400,2123,712,3776"
"2023-03-31,Apopka,286,386,151,535,1169,536,3000,944,5949"
"2023-03-31,Boone High School,7,11,2,0,20,10,159,35,66"
"2023-03-31,Clermont,182,302,122,431,943,490,2682,878,4744"
"2023-03-31,Colonial High School,5,0,3,22,6,14,95,27,24"
"2023-03-31,Downtown Campus,31,26,19,50,76,58,369,107,276"
"2023-03-31,East Orlando,229,413,136,600,1475,643,3919,1354,8230"
"2023-03-31,Edgewater High School,0,0,0,0,2,0,23,3,5"
"2023-03-31,Eustis,94,117,59,203,332,184,1079,343,1746"
"2023-03-31,Fern Park,151,263,93,381,811,337,1819,684,4025"
"2023-03-31,Kissimmee,295,351,172,629,1259,770,3184,1132,6573"
"2023-03-31,Lake Brantley High School,1,3,0,24,21,19,159,45,81"
"2023-03-31,Lake Howell High School,0,1,4,0,12,2,85,15,25"
"2023-03-31,Lake Mary,132,2590,95,366,878,435,2090,748,4408"
"2023-03-31,Lake Nona,103,140,49,253,610,348,1577,578,2831"
"2023-03-31,Leesburg,99,155,70,234,451,238,1177,358,2551"
"2023-03-31,Longwood,111,144,73,205,402,188,1065,351,2011"
"2023-03-31,Merritt Island,20,43,29,138,183,154,300,102,1037"
"2023-03-31,MetroWest,251,256,137,305,767,513,2287,777,4165"
"2023-03-31,Mills,208,387,114,729,1688,636,3318,1055,8718"
"2023-03-31,Oak Ridge High School,9,9,4,32,27,29,233,94,73"
"2023-03-31,Ocoee High School,7,6,2,0,8,8,95,54,23"
"2023-03-31,Orange City,121,197,81,230,550,295,1448,480,2267"
"2023-03-31,Oviedo,78,197,56,212,653,233,1379,466,3224"
"2023-03-31,Pine Hills,349,237,253,445,617,625,2052,704,4183"
"2023-03-31,Poinciana,128,138,78,289,460,403,1480,541,2137"
"2023-03-31,Poinciana High School,6,5,1,16,17,24,111,20,29"
"2023-03-31,Sanford,356,302,237,470,759,580,2000,737,3319"
"2023-03-31,Seminole State,6,5,6,8,21,7,89,31,84"
"2023-03-31,South Orlando,273,341,181,553,1122,657,2905,961,6129"
"2023-03-31,St. Cloud,332,593,193,699,1948,717,5355,1580,7633"
"2023-03-31,St. Cloud High School,3,4,3,0,15,1,211,85,78"
"2023-03-31,The Loop,116,137,61,213,515,267,1428,461,2115"
"2023-03-31,Timber Creek High School,1,3,0,28,14,19,68,14,32"
"2023-03-31,UCF Campus,58,96,16,197,389,185,938,300,1775"
"2023-03-31,Virtual Branch,58,110,9,329,287,537,1006,463,1589"
"2023-03-31,Winter Garden,267,452,173,574,1204,537,3481,1025,6698"
"2023-04-30,Altamonte Springs,122,153,0,246,0,376,2323,432,3754"
"2023-04-30,Apopka,226,248,0,248,0,505,3240,588,5903"
"2023-04-30,Boone High School,0,19,0,8,0,10,150,14,65"
"2023-04-30,Clermont,103,221,0,238,0,435,2825,477,4742"
"2023-04-30,Colonial High School,0,3,0,26,0,18,83,6,23"
"2023-04-30,Downtown Campus,23,20,0,68,0,76,392,101,273"
"2023-04-30,East Orlando,150,296,0,308,1,618,4276,757,8178"
"2023-04-30,Edgewater High School,1,1,0,0,0,2,17,2,4"
"2023-04-30,Eustis,64,59,0,90,0,178,1046,190,1769"
"2023-04-30,Fern Park,91,125,0,174,0,312,1992,385,4000"
"2023-04-30,Kissimmee,188,299,0,398,2,701,3449,640,6485"
"2023-04-30,Lake Brantley High School,4,8,0,22,0,22,170,35,81"
"2023-04-30,Lake Howell High School,1,4,0,0,0,1,68,20,26"
"2023-04-30,Lake Mary,71,181,0,190,0,418,2193,408,4414"
"2023-04-30,Lake Nona,67,108,0,170,0,328,1660,291,2822"
"2023-04-30,Leesburg,59,90,0,92,0,216,1118,181,2531"
"2023-04-30,Longwood,64,72,0,82,0,177,1034,173,2016"
"2023-04-30,Merritt Island,17,25,0,24,0,152,329,48,1035"
"2023-04-30,MetroWest,184,188,0,222,0,435,2244,439,4093"
"2023-04-30,Mills,158,229,0,384,0,594,3517,749,8689"
"2023-04-30,Oak Ridge High School,4,10,0,26,0,25,230,44,74"
"2023-04-30,Ocoee High School,4,4,0,0,0,3,82,26,22"
"2023-04-30,Orange City,69,135,0,132,1,281,1499,275,2279"
"2023-04-30,Oviedo,43,99,0,102,0,231,1559,263,3220"
"2023-04-30,Pine Hills,243,135,0,416,0,602,2126,478,4161"
"2023-04-30,Poinciana,99,105,0,260,0,379,1474,290,2148"
"2023-04-30,Poinciana High School,5,2,0,22,0,22,158,27,29"
"2023-04-30,Sanford,186,163,0,310,0,497,2225,389,3270"
"2023-04-30,Seminole State,3,8,0,4,0,5,92,13,88"
"2023-04-30,South Orlando,146,203,0,252,0,584,3124,609,6087"
"2023-04-30,St. Cloud,221,411,0,392,0,654,5592,951,7606"
"2023-04-30,St. Cloud High School,4,22,0,0,0,3,219,46,78"
"2023-04-30,The Loop,78,98,0,134,0,264,1418,267,2094"
"2023-04-30,Timber Creek High School,1,1,0,16,0,17,74,4,32"
"2023-04-30,UCF Campus,37,61,0,134,0,165,960,162,1757"
"2023-04-30,Virtual Branch,44,83,0,306,0,572,1081,265,1634"
"2023-04-30,Winter Garden,209,269,0,284,0,506,3458,613,6691"
"2023-05-31,Altamonte Springs,127,256,72,559,1099,408,1995,611,3835"
"2023-05-31,Apopka,201,347,159,672,1724,518,2985,892,6156"
"2023-05-31,Boone High School,1,3,0,10,30,9,117,61,65"
"2023-05-31,Clermont,147,298,72,603,1493,488,2424,742,5022"
"2023-05-31,Colonial High School,2,1,0,16,13,21,71,14,27"
"2023-05-31,Downtown Campus,30,45,8,60,103,72,291,101,284"
"2023-05-31,East Orlando,188,444,141,823,2395,673,3763,1279,8488"
"2023-05-31,Edgewater High School,2,2,0,0,2,1,27,10,4"
"2023-05-31,Eustis,55,121,32,268,539,192,879,248,1904"
"2023-05-31,Fern Park,131,236,73,506,1095,335,1743,589,4181"
"2023-05-31,Kissimmee,199,379,150,739,2009,764,2964,938,6650"
"2023-05-31,Lake Brantley High School,3,4,2,16,34,26,144,47,89"
"2023-05-31,Lake Howell High School,4,3,0,0,14,1,77,25,29"
"2023-05-31,Lake Mary,97,2227,55,442,1438,448,1769,641,4619"
"2023-05-31,Lake Nona,78,152,38,275,926,362,1435,422,2911"
"2023-05-31,Leesburg,61,141,34,296,678,230,1079,310,2646"
"2023-05-31,Longwood,67,146,40,251,625,199,954,318,2139"
"2023-05-31,Merritt Island,22,35,10,142,244,142,273,83,1082"
"2023-05-31,MetroWest,221,219,125,456,1148,527,2023,592,4202"
"2023-05-31,Mills,206,414,132,1005,2164,660,3115,1021,8933"
"2023-05-31,Oak Ridge High School,8,10,2,22,50,28,192,81,66"
"2023-05-31,Ocoee High School,1,3,0,0,23,0,70,53,21"
"2023-05-31,Orange City,99,178,57,340,827,322,1299,421,2441"
"2023-05-31,Oviedo,57,182,40,323,933,263,1323,484,3352"
"2023-05-31,Pine Hills,249,211,162,513,1087,612,1853,604,4264"
"2023-05-31,Poinciana,92,165,86,338,691,381,1393,473,2230"
"2023-05-31,Poinciana High School,2,0,0,12,27,15,132,20,30"
"2023-05-31,Sanford,233,241,152,591,1100,547,2059,606,3366"
"2023-05-31,Seminole State,3,10,3,2,33,5,100,35,94"
"2023-05-31,South Orlando,192,340,132,629,1728,643,2750,812,6299"
"2023-05-31,St. Cloud,271,532,150,935,2706,709,5056,1381,8014"
"2023-05-31,St. Cloud High School,8,5,2,0,46,4,204,80,82"
"2023-05-31,The Loop,62,141,74,225,784,279,1221,402,2196"
"2023-05-31,Timber Creek High School,2,3,1,16,18,14,44,22,33"
"2023-05-31,UCF Campus,34,75,13,203,847,163,954,239,1847"
"2023-05-31,Virtual Branch,46,89,12,328,470,598,1002,379,1686"
"2023-05-31,Winter Garden,214,410,145,803,1992,565,3215,989,6874"
"2023-06-30,Altamonte Springs,221,355,114,366,932,444,2220,744,3837"
"2023-06-30,Apopka,311,502,182,554,1292,580,3331,1024,6199"
"2023-06-30,Boone High School,6,17,0,16,31,11,116,19,63"
"2023-06-30,Clermont,167,441,110,434,1031,485,2756,791,5130"
"2023-06-30,Colonial High School,5,4,0,18,16,17,97,11,26"
"2023-06-30,Downtown Campus,38,38,18,74,96,86,418,125,290"
"2023-06-30,East Orlando,263,561,173,594,1613,694,4232,1289,8595"
"2023-06-30,Edgewater High School,2,2,0,0,2,2,43,22,6"
"2023-06-30,Eustis,84,147,58,169,431,201,1027,321,1964"
"2023-06-30,Fern Park,152,308,110,380,1032,365,1958,704,4233"
"2023-06-30,Kissimmee,276,486,156,654,1285,782,3360,1098,6707"
"2023-06-30,Lake Brantley High School,6,6,0,16,26,27,167,90,97"
"2023-06-30,Lake Howell High School,6,4,0,0,22,5,74,23,26"
"2023-06-30,Lake Mary,138,2898,102,365,1237,446,2141,801,4690"
"2023-06-30,Lake Nona,113,204,47,231,628,385,1686,542,2954"
"2023-06-30,Leesburg,90,190,55,230,484,232,1111,377,2669"
"2023-06-30,Longwood,105,183,62,174,608,193,1065,378,2202"
"2023-06-30,Merritt Island,24,74,21,110,223,146,342,120,1114"
"2023-06-30,MetroWest,285,333,169,350,791,539,2209,761,4256"
"2023-06-30,Mills,222,483,156,766,1687,661,3588,1151,9058"
"2023-06-30,Oak Ridge High School,12,14,1,20,28,24,290,119,69"
"2023-06-30,Ocoee High School,7,6,0,0,8,4,79,35,20"
"2023-06-30,Orange City,135,257,70,261,660,322,1476,561,2508"
"2023-06-30,Oviedo,94,220,52,248,920,264,1462,641,3424"
"2023-06-30,Pine Hills,371,306,258,457,702,677,2182,678,4241"
"2023-06-30,Poinciana,122,221,90,304,454,427,1495,519,2256"
"2023-06-30,Poinciana High School,7,5,0,14,14,19,148,51,27"
"2023-06-30,Sanford,362,324,227,479,1150,546,2292,794,3406"
"2023-06-30,Seminole State,5,11,3,5,28,5,102,35,91"
"2023-06-30,South Orlando,259,442,171,463,1238,680,3103,1107,6323"
"2023-06-30,St. Cloud,365,673,188,781,1925,727,5492,1588,8129"
"2023-06-30,St. Cloud High School,6,14,0,0,22,6,243,81,81"
"2023-06-30,The Loop,105,212,91,213,526,291,1474,439,2249"
"2023-06-30,Timber Creek High School,3,5,0,16,16,16,51,18,37"
"2023-06-30,UCF Campus,41,134,15,168,451,171,1056,350,1873"
"2023-06-30,Virtual Branch,90,135,8,326,373,630,1323,471,1745"
"2023-06-30,Winter Garden,280,567,185,562,1346,561,3546,1122,6960"
"2023-07-31,Altamonte Springs,104,308,68,484,1412,421,1936,512,3813"
"2023-07-31,Apopka,205,417,127,685,2104,599,2871,750,6110"
"2023-07-31,Boone High School,1,5,0,4,39,13,119,39,61"
"2023-07-31,Clermont,95,352,83,463,1725,492,2310,613,5141"
"2023-07-31,Colonial High School,1,1,0,24,11,17,73,8,30"
"2023-07-31,Downtown Campus,25,28,11,72,132,85,297,94,267"
"2023-07-31,East Orlando,158,472,121,724,3158,722,3627,1083,8395"
"2023-07-31,Edgewater High School,1,0,0,0,2,1,23,18,8"
"2023-07-31,Eustis,65,142,39,267,777,183,887,253,2002"
"2023-07-31,Fern Park,92,296,61,472,1472,372,1610,500,4246"
"2023-07-31,Kissimmee,166,368,130,837,2558,794,2889,814,6673"
"2023-07-31,Lake Brantley High School,3,4,2,20,39,29,156,52,100"
"2023-07-31,Lake Howell High School,2,2,0,0,19,3,63,20,28"
"2023-07-31,Lake Mary,97,3515,58,437,1663,435,1917,602,4638"
"2023-07-31,Lake Nona,60,174,41,239,1138,350,1498,513,2892"
"2023-07-31,Leesburg,81,154,52,286,872,249,963,280,2704"
"2023-07-31,Longwood,60,150,36,214,777,189,950,274,2190"
"2023-07-31,Merritt Island,19,48,19,116,323,144,247,103,1111"
"2023-07-31,MetroWest,130,242,143,460,1454,543,1766,596,4131"
"2023-07-31,Mills,113,483,100,890,2995,641,2953,877,8981"
"2023-07-31,Oak Ridge High School,11,9,1,20,27,29,244,84,68"
"2023-07-31,Ocoee High School,1,5,0,0,10,4,78,38,18"
"2023-07-31,Orange City,73,241,52,312,1115,338,1226,391,2516"
"2023-07-31,Oviedo,52,215,39,311,1098,250,1269,346,3434"
"2023-07-31,Pine Hills,223,251,178,468,1336,631,1775,549,4134"
"2023-07-31,Poinciana,96,168,56,348,831,431,1344,437,2207"
"2023-07-31,Poinciana High School,5,0,0,8,14,13,147,53,29"
"2023-07-31,Sanford,229,266,156,544,1624,532,1831,468,3330"
"2023-07-31,Seminole State,9,9,6,1,26,10,94,23,88"
"2023-07-31,South Orlando,158,396,130,615,2166,661,2600,752,6210"
"2023-07-31,St. Cloud,208,623,145,846,3279,779,4750,1269,8096"
"2023-07-31,St. Cloud High School,2,8,2,0,32,8,217,45,84"
"2023-07-31,The Loop,66,155,68,210,871,287,1206,378,2218"
"2023-07-31,Timber Creek High School,0,3,0,4,20,10,60,14,35"
"2023-07-31,UCF Campus,30,92,11,153,715,192,839,250,1867"
"2023-07-31,Virtual Branch,56,98,10,325,426,611,1090,455,1285"
"2023-07-31,Winter Garden,167,448,114,665,2382,576,2933,774,6809"
